{"cameraMode":{"drawMode":0,"name":"Shaded","section":"Shading Mode"},"sceneLighting":false,"audioPlay":false,"sceneViewState":{"showFog":true,"showMaterialUpdate":false,"showSkybox":false,"showFlares":true,"showImageEffects":true,"showParticleSystems":true},"in2DMode":false,"pivot":{"x":41.48215103149414,"y":72.10269927978516,"z":-29.47828483581543},"rotation":{"x":0.10471224039793015,"y":-0.8077869415283203,"z":0.15101011097431184,"w":0.5601327419281006},"size":58.685997009277347,"orthographic":false}