{"cameraMode":{"drawMode":0,"name":"Shaded","section":"Shading Mode"},"sceneLighting":true,"audioPlay":false,"sceneViewState":{"showFog":true,"showMaterialUpdate":false,"showSkybox":true,"showFlares":true,"showImageEffects":true,"showParticleSystems":true},"in2DMode":false,"pivot":{"x":-168.6149139404297,"y":11.32515811920166,"z":1.890653133392334},"rotation":{"x":0.028580045327544214,"y":-0.7329075932502747,"z":0.03118656575679779,"w":0.6792222261428833},"size":28.54942512512207,"orthographic":false}