{"cameraMode":{"drawMode":0,"name":"Shaded","section":"Shading Mode"},"sceneLighting":true,"audioPlay":false,"sceneViewState":{"showFog":true,"showMaterialUpdate":false,"showSkybox":true,"showFlares":true,"showImageEffects":true,"showParticleSystems":true},"in2DMode":false,"pivot":{"x":-63.90697479248047,"y":-15.386615753173829,"z":-72.36943054199219},"rotation":{"x":-0.0622837208211422,"y":0.8834415078163147,"z":-0.12300115078687668,"w":-0.4478467106819153},"size":62.28888702392578,"orthographic":false}